{"dot_01":{"dotPos":{"x":758.5405405405405,"y":312.08108108108115},"handleAPos":{"x":84.09867708849367,"y":28.943746505125887},"handleBPos":{"x":0.6211733991774508,"y":-30.740279589934744}},"dot_02":{"dotPos":{"x":704.0040986578663,"y":187.59664492078284},"handleAPos":{"x":38.31261986455468,"y":41.22602050326185},"handleBPos":{"x":-71.82200239226728,"y":-70.97379310344833}},"dot_03":{"dotPos":{"x":435.4587709618261,"y":92.82792171481826},"handleAPos":{"x":109.69647389606666,"y":-6.402385834109936},"handleBPos":{"x":-217.41952659671594,"y":-0.040559179869575246}},"dot_04":{"dotPos":{"x":183.05291733397638,"y":364.5585461323392},"handleAPos":{"x":-1.271199043093148,"y":-70.97379310344832},"handleBPos":{"x":4.449164322891448,"y":188.5572413793103}},"dot_05":{"dotPos":{"x":480.8483732495952,"y":407.478956197577},"handleAPos":{"x":-22.620692848798768,"y":169.67575023299173},"handleBPos":{"x":50,"y":0}}}