{"dot_01":{"dotPos":{"x":758.5405405405405,"y":312.08108108108115},"handleAPos":{"x":-71.62162162162167,"y":-25.081081081081038},"handleBPos":{"x":-4.675435400486322,"y":41.29282385834114}},"dot_02":{"dotPos":{"x":610.7837837837837,"y":394.16216216216213},"handleAPos":{"x":79.62616850193228,"y":23.217744641192894},"handleBPos":{"x":-77.11861119193094,"y":-20.1268965517242}},"dot_05":{"dotPos":{"x":478.72972972972974,"y":458.32585274930113},"handleAPos":{"x":-149.7393040407297,"y":138.9557502329917},"handleBPos":{"x":50,"y":0}},"dot_03":{"dotPos":{"x":378.25539592545715,"y":161.68309412861137},"handleAPos":{"x":141.4761266940493,"y":22.198993476234904},"handleBPos":{"x":-140.08903812162464,"y":-18.048835041938545}},"dot_04":{"dotPos":{"x":138.56140341680057,"y":371.9737185461323},"handleAPos":{"x":-3.3898425629586626,"y":-148.30344827586208},"handleBPos":{"x":-0.8474444767723526,"y":136.65103448275858}}}